dataset/raw/kdef/AF01/AF01AFS.JPG;fear
dataset/raw/kdef/AF01/AF01ANS.JPG;angry
dataset/raw/kdef/AF01/AF01DIS.JPG;disgust
dataset/raw/kdef/AF01/AF01HAS.JPG;happy
dataset/raw/kdef/AF01/AF01NES.JPG;neutral
dataset/raw/kdef/AF01/AF01SAS.JPG;sad
dataset/raw/kdef/AF01/AF01SUS.JPG;surprise
dataset/raw/kdef/AF02/AF02AFS.JPG;fear
dataset/raw/kdef/AF02/AF02ANS.JPG;angry
dataset/raw/kdef/AF02/AF02DIS.JPG;disgust
dataset/raw/kdef/AF02/AF02HAS.JPG;happy
dataset/raw/kdef/AF02/AF02NES.JPG;neutral
dataset/raw/kdef/AF02/AF02SAS.JPG;sad
dataset/raw/kdef/AF02/AF02SUS.JPG;surprise
dataset/raw/kdef/AF03/AF03AFS.JPG;fear
dataset/raw/kdef/AF03/AF03ANS.JPG;angry
dataset/raw/kdef/AF03/AF03DIS.JPG;disgust
dataset/raw/kdef/AF03/AF03HAS.JPG;happy
dataset/raw/kdef/AF03/AF03NES.JPG;neutral
dataset/raw/kdef/AF03/AF03SAS.JPG;sad
dataset/raw/kdef/AF03/AF03SUS.JPG;surprise
dataset/raw/kdef/AF04/AF04AFS.JPG;fear
dataset/raw/kdef/AF04/AF04ANS.JPG;angry
dataset/raw/kdef/AF04/AF04DIS.JPG;disgust
dataset/raw/kdef/AF04/AF04HAS.JPG;happy
dataset/raw/kdef/AF04/AF04NES.JPG;neutral
dataset/raw/kdef/AF04/AF04SAS.JPG;sad
dataset/raw/kdef/AF04/AF04SUS.JPG;surprise
dataset/raw/kdef/AF05/AF05AFS.JPG;fear
dataset/raw/kdef/AF05/AF05ANS.JPG;angry
dataset/raw/kdef/AF05/AF05DIS.JPG;disgust
dataset/raw/kdef/AF05/AF05HAS.JPG;happy
dataset/raw/kdef/AF05/AF05NES.JPG;neutral
dataset/raw/kdef/AF05/AF05SAS.JPG;sad
dataset/raw/kdef/AF05/AF05SUS.JPG;surprise
dataset/raw/kdef/AF06/AF06AFS.JPG;fear
dataset/raw/kdef/AF06/AF06ANS.JPG;angry
dataset/raw/kdef/AF06/AF06DIS.JPG;disgust
dataset/raw/kdef/AF06/AF06HAS.JPG;happy
dataset/raw/kdef/AF06/AF06NES.JPG;neutral
dataset/raw/kdef/AF06/AF06SAS.JPG;sad
dataset/raw/kdef/AF06/AF06SUS.JPG;surprise
dataset/raw/kdef/AF07/AF07AFS.JPG;fear
dataset/raw/kdef/AF07/AF07ANS.JPG;angry
dataset/raw/kdef/AF07/AF07DIS.JPG;disgust
dataset/raw/kdef/AF07/AF07HAS.JPG;happy
dataset/raw/kdef/AF07/AF07NES.JPG;neutral
dataset/raw/kdef/AF07/AF07SAS.JPG;sad
dataset/raw/kdef/AF07/AF07SUS.JPG;surprise
dataset/raw/kdef/AF08/AF08AFS.JPG;fear
dataset/raw/kdef/AF08/AF08ANS.JPG;angry
dataset/raw/kdef/AF08/AF08DIS.JPG;disgust
dataset/raw/kdef/AF08/AF08HAS.JPG;happy
dataset/raw/kdef/AF08/AF08NES.JPG;neutral
dataset/raw/kdef/AF08/AF08SAS.JPG;sad
dataset/raw/kdef/AF08/AF08SUS.JPG;surprise
dataset/raw/kdef/AF09/AF09AFS.JPG;fear
dataset/raw/kdef/AF09/AF09ANS.JPG;angry
dataset/raw/kdef/AF09/AF09DIS.JPG;disgust
dataset/raw/kdef/AF09/AF09HAS.JPG;happy
dataset/raw/kdef/AF09/AF09NES.JPG;neutral
dataset/raw/kdef/AF09/AF09SAS.JPG;sad
dataset/raw/kdef/AF09/AF09SUS.JPG;surprise
dataset/raw/kdef/AF10/AF10AFS.JPG;fear
dataset/raw/kdef/AF10/AF10ANS.JPG;angry
dataset/raw/kdef/AF10/AF10DIS.JPG;disgust
dataset/raw/kdef/AF10/AF10HAS.JPG;happy
dataset/raw/kdef/AF10/AF10NES.JPG;neutral
dataset/raw/kdef/AF10/AF10SAS.JPG;sad
dataset/raw/kdef/AF10/AF10SUS.JPG;surprise
dataset/raw/kdef/AF11/AF11AFS.JPG;fear
dataset/raw/kdef/AF11/AF11ANS.JPG;angry
dataset/raw/kdef/AF11/AF11DIS.JPG;disgust
dataset/raw/kdef/AF11/AF11HAS.JPG;happy
dataset/raw/kdef/AF11/AF11NES.JPG;neutral
dataset/raw/kdef/AF11/AF11SAS.JPG;sad
dataset/raw/kdef/AF11/AF11SUS.JPG;surprise
dataset/raw/kdef/AF12/AF12AFS.JPG;fear
dataset/raw/kdef/AF12/AF12ANS.JPG;angry
dataset/raw/kdef/AF12/AF12DIS.JPG;disgust
dataset/raw/kdef/AF12/AF12HAS.JPG;happy
dataset/raw/kdef/AF12/AF12NES.JPG;neutral
dataset/raw/kdef/AF12/AF12SAS.JPG;sad
dataset/raw/kdef/AF12/AF12SUS.JPG;surprise
dataset/raw/kdef/AF13/AF13AFS.JPG;fear
dataset/raw/kdef/AF13/AF13ANS.JPG;angry
dataset/raw/kdef/AF13/AF13DIS.JPG;disgust
dataset/raw/kdef/AF13/AF13HAS.JPG;happy
dataset/raw/kdef/AF13/AF13NES.JPG;neutral
dataset/raw/kdef/AF13/AF13SAS.JPG;sad
dataset/raw/kdef/AF13/AF13SUS.JPG;surprise
dataset/raw/kdef/AF14/AF14AFS.JPG;fear
dataset/raw/kdef/AF14/AF14ANS.JPG;angry
dataset/raw/kdef/AF14/AF14DIS.JPG;disgust
dataset/raw/kdef/AF14/AF14HAS.JPG;happy
dataset/raw/kdef/AF14/AF14NES.JPG;neutral
dataset/raw/kdef/AF14/AF14SAS.JPG;sad
dataset/raw/kdef/AF14/AF14SUS.JPG;surprise
dataset/raw/kdef/AF15/AF15AFS.JPG;fear
dataset/raw/kdef/AF15/AF15ANS.JPG;angry
dataset/raw/kdef/AF15/AF15DIS.JPG;disgust
dataset/raw/kdef/AF15/AF15HAS.JPG;happy
dataset/raw/kdef/AF15/AF15NES.JPG;neutral
dataset/raw/kdef/AF15/AF15SAS.JPG;sad
dataset/raw/kdef/AF15/AF15SUS.JPG;surprise
dataset/raw/kdef/AF16/AF16AFS.JPG;fear
dataset/raw/kdef/AF16/AF16ANS.JPG;angry
dataset/raw/kdef/AF16/AF16DIS.JPG;disgust
dataset/raw/kdef/AF16/AF16HAS.JPG;happy
dataset/raw/kdef/AF16/AF16NES.JPG;neutral
dataset/raw/kdef/AF16/AF16SAS.JPG;sad
dataset/raw/kdef/AF16/AF16SUS.JPG;surprise
dataset/raw/kdef/AF17/AF17AFS.JPG;fear
dataset/raw/kdef/AF17/AF17ANS.JPG;angry
dataset/raw/kdef/AF17/AF17DIS.JPG;disgust
dataset/raw/kdef/AF17/AF17HAS.JPG;happy
dataset/raw/kdef/AF17/AF17NES.JPG;neutral
dataset/raw/kdef/AF17/AF17SAS.JPG;sad
dataset/raw/kdef/AF17/AF17SUS.JPG;surprise
dataset/raw/kdef/AF18/AF18AFS.JPG;fear
dataset/raw/kdef/AF18/AF18ANS.JPG;angry
dataset/raw/kdef/AF18/AF18DIS.JPG;disgust
dataset/raw/kdef/AF18/AF18HAS.JPG;happy
dataset/raw/kdef/AF18/AF18NES.JPG;neutral
dataset/raw/kdef/AF18/AF18SAS.JPG;sad
dataset/raw/kdef/AF18/AF18SUS.JPG;surprise
dataset/raw/kdef/AF19/AF19AFS.JPG;fear
dataset/raw/kdef/AF19/AF19ANS.JPG;angry
dataset/raw/kdef/AF19/AF19DIS.JPG;disgust
dataset/raw/kdef/AF19/AF19HAS.JPG;happy
dataset/raw/kdef/AF19/AF19NES.JPG;neutral
dataset/raw/kdef/AF19/AF19SAS.JPG;sad
dataset/raw/kdef/AF19/AF19SUS.JPG;surprise
dataset/raw/kdef/AF20/AF20AFS.JPG;fear
dataset/raw/kdef/AF20/AF20ANS.JPG;angry
dataset/raw/kdef/AF20/AF20DIS.JPG;disgust
dataset/raw/kdef/AF20/AF20HAS.JPG;happy
dataset/raw/kdef/AF20/AF20NES.JPG;neutral
dataset/raw/kdef/AF20/AF20SAS.JPG;sad
dataset/raw/kdef/AF20/AF20SUS.JPG;surprise
dataset/raw/kdef/AF21/AF21AFS.JPG;fear
dataset/raw/kdef/AF21/AF21ANS.JPG;angry
dataset/raw/kdef/AF21/AF21DIS.JPG;disgust
dataset/raw/kdef/AF21/AF21HAS.JPG;happy
dataset/raw/kdef/AF21/AF21NES.JPG;neutral
dataset/raw/kdef/AF21/AF21SAS.JPG;sad
dataset/raw/kdef/AF21/AF21SUS.JPG;surprise
dataset/raw/kdef/AF22/AF22AFS.JPG;fear
dataset/raw/kdef/AF22/AF22ANS.JPG;angry
dataset/raw/kdef/AF22/AF22DIS.JPG;disgust
dataset/raw/kdef/AF22/AF22HAS.JPG;happy
dataset/raw/kdef/AF22/AF22NES.JPG;neutral
dataset/raw/kdef/AF22/AF22SAS.JPG;sad
dataset/raw/kdef/AF22/AF22SUS.JPG;surprise
dataset/raw/kdef/AF23/AF23AFS.JPG;fear
dataset/raw/kdef/AF23/AF23ANS.JPG;angry
dataset/raw/kdef/AF23/AF23DIS.JPG;disgust
dataset/raw/kdef/AF23/AF23HAS.JPG;happy
dataset/raw/kdef/AF23/AF23NES.JPG;neutral
dataset/raw/kdef/AF23/AF23SAS.JPG;sad
dataset/raw/kdef/AF23/AF23SUS.JPG;surprise
dataset/raw/kdef/AF24/AF24AFS.JPG;fear
dataset/raw/kdef/AF24/AF24ANS.JPG;angry
dataset/raw/kdef/AF24/AF24DIS.JPG;disgust
dataset/raw/kdef/AF24/AF24HAS.JPG;happy
dataset/raw/kdef/AF24/AF24NES.JPG;neutral
dataset/raw/kdef/AF24/AF24SAS.JPG;sad
dataset/raw/kdef/AF24/AF24SUS.JPG;surprise
dataset/raw/kdef/AF25/AF25AFS.JPG;fear
dataset/raw/kdef/AF25/AF25ANS.JPG;angry
dataset/raw/kdef/AF25/AF25DIS.JPG;disgust
dataset/raw/kdef/AF25/AF25HAS.JPG;happy
dataset/raw/kdef/AF25/AF25NES.JPG;neutral
dataset/raw/kdef/AF25/AF25SAS.JPG;sad
dataset/raw/kdef/AF25/AF25SUS.JPG;surprise
dataset/raw/kdef/AF26/AF26AFS.JPG;fear
dataset/raw/kdef/AF26/AF26ANS.JPG;angry
dataset/raw/kdef/AF26/AF26DIS.JPG;disgust
dataset/raw/kdef/AF26/AF26HAS.JPG;happy
dataset/raw/kdef/AF26/AF26NES.JPG;neutral
dataset/raw/kdef/AF26/AF26SAS.JPG;sad
dataset/raw/kdef/AF26/AF26SUS.JPG;surprise
dataset/raw/kdef/AF27/AF27AFS.JPG;fear
dataset/raw/kdef/AF27/AF27ANS.JPG;angry
dataset/raw/kdef/AF27/AF27DIS.JPG;disgust
dataset/raw/kdef/AF27/AF27HAS.JPG;happy
dataset/raw/kdef/AF27/AF27NES.JPG;neutral
dataset/raw/kdef/AF27/AF27SAS.JPG;sad
dataset/raw/kdef/AF27/AF27SUS.JPG;surprise
dataset/raw/kdef/AF28/AF28AFS.JPG;fear
dataset/raw/kdef/AF28/AF28ANS.JPG;angry
dataset/raw/kdef/AF28/AF28DIS.JPG;disgust
dataset/raw/kdef/AF28/AF28HAS.JPG;happy
dataset/raw/kdef/AF28/AF28NES.JPG;neutral
dataset/raw/kdef/AF28/AF28SAS.JPG;sad
dataset/raw/kdef/AF28/AF28SUS.JPG;surprise
dataset/raw/kdef/AF29/AF29AFS.JPG;fear
dataset/raw/kdef/AF29/AF29ANS.JPG;angry
dataset/raw/kdef/AF29/AF29DIS.JPG;disgust
dataset/raw/kdef/AF29/AF29HAS.JPG;happy
dataset/raw/kdef/AF29/AF29NES.JPG;neutral
dataset/raw/kdef/AF29/AF29SAS.JPG;sad
dataset/raw/kdef/AF29/AF29SUS.JPG;surprise
dataset/raw/kdef/AF30/AF30AFS.JPG;fear
dataset/raw/kdef/AF30/AF30ANS.JPG;angry
dataset/raw/kdef/AF30/AF30DIS.JPG;disgust
dataset/raw/kdef/AF30/AF30HAS.JPG;happy
dataset/raw/kdef/AF30/AF30NES.JPG;neutral
dataset/raw/kdef/AF30/AF30SAS.JPG;sad
dataset/raw/kdef/AF30/AF30SUS.JPG;surprise
dataset/raw/kdef/AF31/AF31AFS.JPG;fear
dataset/raw/kdef/AF31/AF31ANS.JPG;angry
dataset/raw/kdef/AF31/AF31DIS.JPG;disgust
dataset/raw/kdef/AF31/AF31HAS.JPG;happy
dataset/raw/kdef/AF31/AF31NES.JPG;neutral
dataset/raw/kdef/AF31/AF31SAS.JPG;sad
dataset/raw/kdef/AF31/AF31SUS.JPG;surprise
dataset/raw/kdef/AF32/AF32AFS.JPG;fear
dataset/raw/kdef/AF32/AF32ANS.JPG;angry
dataset/raw/kdef/AF32/AF32DIS.JPG;disgust
dataset/raw/kdef/AF32/AF32HAS.JPG;happy
dataset/raw/kdef/AF32/AF32NES.JPG;neutral
dataset/raw/kdef/AF32/AF32SAS.JPG;sad
dataset/raw/kdef/AF32/AF32SUS.JPG;surprise
dataset/raw/kdef/AF33/AF33AFS.JPG;fear
dataset/raw/kdef/AF33/AF33ANS.JPG;angry
dataset/raw/kdef/AF33/AF33DIS.JPG;disgust
dataset/raw/kdef/AF33/AF33HAS.JPG;happy
dataset/raw/kdef/AF33/AF33NES.JPG;neutral
dataset/raw/kdef/AF33/AF33SAS.JPG;sad
dataset/raw/kdef/AF33/AF33SUS.JPG;surprise
dataset/raw/kdef/AF34/AF34AFS.JPG;fear
dataset/raw/kdef/AF34/AF34ANS.JPG;angry
dataset/raw/kdef/AF34/AF34DIS.JPG;disgust
dataset/raw/kdef/AF34/AF34HAS.JPG;happy
dataset/raw/kdef/AF34/AF34NES.JPG;neutral
dataset/raw/kdef/AF34/AF34SAS.JPG;sad
dataset/raw/kdef/AF34/AF34SUS.JPG;surprise
dataset/raw/kdef/AF35/AF35AFS.JPG;fear
dataset/raw/kdef/AF35/AF35ANS.JPG;angry
dataset/raw/kdef/AF35/AF35DIS.JPG;disgust
dataset/raw/kdef/AF35/AF35HAS.JPG;happy
dataset/raw/kdef/AF35/AF35NES.JPG;neutral
dataset/raw/kdef/AF35/AF35SAS.JPG;sad
dataset/raw/kdef/AF35/AF35SUS.JPG;surprise
dataset/raw/kdef/AM01/AM01AFS.JPG;fear
dataset/raw/kdef/AM01/AM01ANS.JPG;angry
dataset/raw/kdef/AM01/AM01DIS.JPG;disgust
dataset/raw/kdef/AM01/AM01HAS.JPG;happy
dataset/raw/kdef/AM01/AM01NES.JPG;neutral
dataset/raw/kdef/AM01/AM01SAS.JPG;sad
dataset/raw/kdef/AM01/AM01SUS.JPG;surprise
dataset/raw/kdef/AM02/AM02AFS.JPG;fear
dataset/raw/kdef/AM02/AM02ANS.JPG;angry
dataset/raw/kdef/AM02/AM02DIS.JPG;disgust
dataset/raw/kdef/AM02/AM02HAS.JPG;happy
dataset/raw/kdef/AM02/AM02NES.JPG;neutral
dataset/raw/kdef/AM02/AM02SAS.JPG;sad
dataset/raw/kdef/AM02/AM02SUS.JPG;surprise
dataset/raw/kdef/AM03/AM03AFS.JPG;fear
dataset/raw/kdef/AM03/AM03ANS.JPG;angry
dataset/raw/kdef/AM03/AM03DIS.JPG;disgust
dataset/raw/kdef/AM03/AM03HAS.JPG;happy
dataset/raw/kdef/AM03/AM03NES.JPG;neutral
dataset/raw/kdef/AM03/AM03SAS.JPG;sad
dataset/raw/kdef/AM03/AM03SUS.JPG;surprise
dataset/raw/kdef/AM04/AM04AFS.JPG;fear
dataset/raw/kdef/AM04/AM04ANS.JPG;angry
dataset/raw/kdef/AM04/AM04DIS.JPG;disgust
dataset/raw/kdef/AM04/AM04HAS.JPG;happy
dataset/raw/kdef/AM04/AM04NES.JPG;neutral
dataset/raw/kdef/AM04/AM04SAS.JPG;sad
dataset/raw/kdef/AM04/AM04SUS.JPG;surprise
dataset/raw/kdef/AM05/AM05AFS.JPG;fear
dataset/raw/kdef/AM05/AM05ANS.JPG;angry
dataset/raw/kdef/AM05/AM05DIS.JPG;disgust
dataset/raw/kdef/AM05/AM05HAS.JPG;happy
dataset/raw/kdef/AM05/AM05NES.JPG;neutral
dataset/raw/kdef/AM05/AM05SAS.JPG;sad
dataset/raw/kdef/AM05/AM05SUS.JPG;surprise
dataset/raw/kdef/AM06/AM06AFS.JPG;fear
dataset/raw/kdef/AM06/AM06ANS.JPG;angry
dataset/raw/kdef/AM06/AM06DIS.JPG;disgust
dataset/raw/kdef/AM06/AM06HAS.JPG;happy
dataset/raw/kdef/AM06/AM06NES.JPG;neutral
dataset/raw/kdef/AM06/AM06SAS.JPG;sad
dataset/raw/kdef/AM06/AM06SUS.JPG;surprise
dataset/raw/kdef/AM07/AM07AFS.JPG;fear
dataset/raw/kdef/AM07/AM07ANS.JPG;angry
dataset/raw/kdef/AM07/AM07DIS.JPG;disgust
dataset/raw/kdef/AM07/AM07HAS.JPG;happy
dataset/raw/kdef/AM07/AM07NES.JPG;neutral
dataset/raw/kdef/AM07/AM07SAS.JPG;sad
dataset/raw/kdef/AM07/AM07SUS.JPG;surprise
dataset/raw/kdef/AM08/AM08AFS.JPG;fear
dataset/raw/kdef/AM08/AM08ANS.JPG;angry
dataset/raw/kdef/AM08/AM08DIS.JPG;disgust
dataset/raw/kdef/AM08/AM08HAS.JPG;happy
dataset/raw/kdef/AM08/AM08NES.JPG;neutral
dataset/raw/kdef/AM08/AM08SAS.JPG;sad
dataset/raw/kdef/AM08/AM08SUS.JPG;surprise
dataset/raw/kdef/AM09/AM09AFS.JPG;fear
dataset/raw/kdef/AM09/AM09ANS.JPG;angry
dataset/raw/kdef/AM09/AM09DIS.JPG;disgust
dataset/raw/kdef/AM09/AM09HAS.JPG;happy
dataset/raw/kdef/AM09/AM09NES.JPG;neutral
dataset/raw/kdef/AM09/AM09SAS.JPG;sad
dataset/raw/kdef/AM09/AM09SUS.JPG;surprise
dataset/raw/kdef/AM10/AM10AFS.JPG;fear
dataset/raw/kdef/AM10/AM10ANS.JPG;angry
dataset/raw/kdef/AM10/AM10DIS.JPG;disgust
dataset/raw/kdef/AM10/AM10HAS.JPG;happy
dataset/raw/kdef/AM10/AM10NES.JPG;neutral
dataset/raw/kdef/AM10/AM10SAS.JPG;sad
dataset/raw/kdef/AM10/AM10SUS.JPG;surprise
dataset/raw/kdef/AM11/AM11AFS.JPG;fear
dataset/raw/kdef/AM11/AM11ANS.JPG;angry
dataset/raw/kdef/AM11/AM11DIS.JPG;disgust
dataset/raw/kdef/AM11/AM11HAS.JPG;happy
dataset/raw/kdef/AM11/AM11NES.JPG;neutral
dataset/raw/kdef/AM11/AM11SAS.JPG;sad
dataset/raw/kdef/AM11/AM11SUS.JPG;surprise
dataset/raw/kdef/AM12/AM12AFS.JPG;fear
dataset/raw/kdef/AM12/AM12ANS.JPG;angry
dataset/raw/kdef/AM12/AM12DIS.JPG;disgust
dataset/raw/kdef/AM12/AM12HAS.JPG;happy
dataset/raw/kdef/AM12/AM12NES.JPG;neutral
dataset/raw/kdef/AM12/AM12SAS.JPG;sad
dataset/raw/kdef/AM12/AM12SUS.JPG;surprise
dataset/raw/kdef/AM13/AM13AFS.JPG;fear
dataset/raw/kdef/AM13/AM13ANS.JPG;angry
dataset/raw/kdef/AM13/AM13DIS.JPG;disgust
dataset/raw/kdef/AM13/AM13HAS.JPG;happy
dataset/raw/kdef/AM13/AM13NES.JPG;neutral
dataset/raw/kdef/AM13/AM13SAS.JPG;sad
dataset/raw/kdef/AM13/AM13SUS.JPG;surprise
dataset/raw/kdef/AM14/AM14AFS.JPG;fear
dataset/raw/kdef/AM14/AM14ANS.JPG;angry
dataset/raw/kdef/AM14/AM14DIS.JPG;disgust
dataset/raw/kdef/AM14/AM14HAS.JPG;happy
dataset/raw/kdef/AM14/AM14NES.JPG;neutral
dataset/raw/kdef/AM14/AM14SAS.JPG;sad
dataset/raw/kdef/AM14/AM14SUS.JPG;surprise
dataset/raw/kdef/AM15/AM15AFS.JPG;fear
dataset/raw/kdef/AM15/AM15ANS.JPG;angry
dataset/raw/kdef/AM15/AM15DIS.JPG;disgust
dataset/raw/kdef/AM15/AM15HAS.JPG;happy
dataset/raw/kdef/AM15/AM15NES.JPG;neutral
dataset/raw/kdef/AM15/AM15SAS.JPG;sad
dataset/raw/kdef/AM15/AM15SUS.JPG;surprise
dataset/raw/kdef/AM16/AM16AFS.JPG;fear
dataset/raw/kdef/AM16/AM16ANS.JPG;angry
dataset/raw/kdef/AM16/AM16DIS.JPG;disgust
dataset/raw/kdef/AM16/AM16HAS.JPG;happy
dataset/raw/kdef/AM16/AM16NES.JPG;neutral
dataset/raw/kdef/AM16/AM16SAS.JPG;sad
dataset/raw/kdef/AM16/AM16SUS.JPG;surprise
dataset/raw/kdef/AM17/AM17AFS.JPG;fear
dataset/raw/kdef/AM17/AM17ANS.JPG;angry
dataset/raw/kdef/AM17/AM17DIS.JPG;disgust
dataset/raw/kdef/AM17/AM17HAS.JPG;happy
dataset/raw/kdef/AM17/AM17NES.JPG;neutral
dataset/raw/kdef/AM17/AM17SAS.JPG;sad
dataset/raw/kdef/AM17/AM17SUS.JPG;surprise
dataset/raw/kdef/AM18/AM18AFS.JPG;fear
dataset/raw/kdef/AM18/AM18ANS.JPG;angry
dataset/raw/kdef/AM18/AM18DIS.JPG;disgust
dataset/raw/kdef/AM18/AM18HAS.JPG;happy
dataset/raw/kdef/AM18/AM18NES.JPG;neutral
dataset/raw/kdef/AM18/AM18SAS.JPG;sad
dataset/raw/kdef/AM18/AM18SUS.JPG;surprise
dataset/raw/kdef/AM19/AM19AFS.JPG;fear
dataset/raw/kdef/AM19/AM19ANS.JPG;angry
dataset/raw/kdef/AM19/AM19DIS.JPG;disgust
dataset/raw/kdef/AM19/AM19HAS.JPG;happy
dataset/raw/kdef/AM19/AM19NES.JPG;neutral
dataset/raw/kdef/AM19/AM19SAS.JPG;sad
dataset/raw/kdef/AM19/AM19SUS.JPG;surprise
dataset/raw/kdef/AM20/AM20AFS.JPG;fear
dataset/raw/kdef/AM20/AM20ANS.JPG;angry
dataset/raw/kdef/AM20/AM20DIS.JPG;disgust
dataset/raw/kdef/AM20/AM20HAS.JPG;happy
dataset/raw/kdef/AM20/AM20NES.JPG;neutral
dataset/raw/kdef/AM20/AM20SAS.JPG;sad
dataset/raw/kdef/AM20/AM20SUS.JPG;surprise
dataset/raw/kdef/AM21/AM21AFS.JPG;fear
dataset/raw/kdef/AM21/AM21ANS.JPG;angry
dataset/raw/kdef/AM21/AM21DIS.JPG;disgust
dataset/raw/kdef/AM21/AM21HAS.JPG;happy
dataset/raw/kdef/AM21/AM21NES.JPG;neutral
dataset/raw/kdef/AM21/AM21SAS.JPG;sad
dataset/raw/kdef/AM21/AM21SUS.JPG;surprise
dataset/raw/kdef/AM22/AM22AFS.JPG;fear
dataset/raw/kdef/AM22/AM22ANS.JPG;angry
dataset/raw/kdef/AM22/AM22DIS.JPG;disgust
dataset/raw/kdef/AM22/AM22HAS.JPG;happy
dataset/raw/kdef/AM22/AM22NES.JPG;neutral
dataset/raw/kdef/AM22/AM22SAS.JPG;sad
dataset/raw/kdef/AM22/AM22SUS.JPG;surprise
dataset/raw/kdef/AM23/AM23AFS.JPG;fear
dataset/raw/kdef/AM23/AM23ANS.JPG;angry
dataset/raw/kdef/AM23/AM23DIS.JPG;disgust
dataset/raw/kdef/AM23/AM23HAS.JPG;happy
dataset/raw/kdef/AM23/AM23NES.JPG;neutral
dataset/raw/kdef/AM23/AM23SAS.JPG;sad
dataset/raw/kdef/AM23/AM23SUS.JPG;surprise
dataset/raw/kdef/AM24/AM24AFS.JPG;fear
dataset/raw/kdef/AM24/AM24ANS.JPG;angry
dataset/raw/kdef/AM24/AM24DIS.JPG;disgust
dataset/raw/kdef/AM24/AM24HAS.JPG;happy
dataset/raw/kdef/AM24/AM24NES.JPG;neutral
dataset/raw/kdef/AM24/AM24SAS.JPG;sad
dataset/raw/kdef/AM24/AM24SUS.JPG;surprise
dataset/raw/kdef/AM25/AM25AFS.JPG;fear
dataset/raw/kdef/AM25/AM25ANS.JPG;angry
dataset/raw/kdef/AM25/AM25DIS.JPG;disgust
dataset/raw/kdef/AM25/AM25HAS.JPG;happy
dataset/raw/kdef/AM25/AM25NES.JPG;neutral
dataset/raw/kdef/AM25/AM25SAS.JPG;sad
dataset/raw/kdef/AM25/AM25SUS.JPG;surprise
dataset/raw/kdef/AM26/AM26AFS.JPG;fear
dataset/raw/kdef/AM26/AM26ANS.JPG;angry
dataset/raw/kdef/AM26/AM26DIS.JPG;disgust
dataset/raw/kdef/AM26/AM26HAS.JPG;happy
dataset/raw/kdef/AM26/AM26NES.JPG;neutral
dataset/raw/kdef/AM26/AM26SAS.JPG;sad
dataset/raw/kdef/AM26/AM26SUS.JPG;surprise
dataset/raw/kdef/AM27/AM27AFS.JPG;fear
dataset/raw/kdef/AM27/AM27ANS.JPG;angry
dataset/raw/kdef/AM27/AM27DIS.JPG;disgust
dataset/raw/kdef/AM27/AM27HAS.JPG;happy
dataset/raw/kdef/AM27/AM27NES.JPG;neutral
dataset/raw/kdef/AM27/AM27SAS.JPG;sad
dataset/raw/kdef/AM27/AM27SUS.JPG;surprise
dataset/raw/kdef/AM28/AM28AFS.JPG;fear
dataset/raw/kdef/AM28/AM28ANS.JPG;angry
dataset/raw/kdef/AM28/AM28DIS.JPG;disgust
dataset/raw/kdef/AM28/AM28HAS.JPG;happy
dataset/raw/kdef/AM28/AM28NES.JPG;neutral
dataset/raw/kdef/AM28/AM28SAS.JPG;sad
dataset/raw/kdef/AM28/AM28SUS.JPG;surprise
dataset/raw/kdef/AM29/AM29AFS.JPG;fear
dataset/raw/kdef/AM29/AM29ANS.JPG;angry
dataset/raw/kdef/AM29/AM29DIS.JPG;disgust
dataset/raw/kdef/AM29/AM29HAS.JPG;happy
dataset/raw/kdef/AM29/AM29NES.JPG;neutral
dataset/raw/kdef/AM29/AM29SAS.JPG;sad
dataset/raw/kdef/AM29/AM29SUS.JPG;surprise
dataset/raw/kdef/AM30/AM30AFS.JPG;fear
dataset/raw/kdef/AM30/AM30ANS.JPG;angry
dataset/raw/kdef/AM30/AM30DIS.JPG;disgust
dataset/raw/kdef/AM30/AM30HAS.JPG;happy
dataset/raw/kdef/AM30/AM30NES.JPG;neutral
dataset/raw/kdef/AM30/AM30SAS.JPG;sad
dataset/raw/kdef/AM30/AM30SUS.JPG;surprise
dataset/raw/kdef/AM31/AM31AFS.JPG;fear
dataset/raw/kdef/AM31/AM31ANS.JPG;angry
dataset/raw/kdef/AM31/AM31DIS.JPG;disgust
dataset/raw/kdef/AM31/AM31HAS.JPG;happy
dataset/raw/kdef/AM31/AM31NES.JPG;neutral
dataset/raw/kdef/AM31/AM31SAS.JPG;sad
dataset/raw/kdef/AM31/AM31SUS.JPG;surprise
dataset/raw/kdef/AM32/AM32AFS.JPG;fear
dataset/raw/kdef/AM32/AM32ANS.JPG;angry
dataset/raw/kdef/AM32/AM32DIS.JPG;disgust
dataset/raw/kdef/AM32/AM32HAS.JPG;happy
dataset/raw/kdef/AM32/AM32NES.JPG;neutral
dataset/raw/kdef/AM32/AM32SAS.JPG;sad
dataset/raw/kdef/AM32/AM32SUS.JPG;surprise
dataset/raw/kdef/AM33/AM33AFS.JPG;fear
dataset/raw/kdef/AM33/AM33ANS.JPG;angry
dataset/raw/kdef/AM33/AM33DIS.JPG;disgust
dataset/raw/kdef/AM33/AM33HAS.JPG;happy
dataset/raw/kdef/AM33/AM33NES.JPG;neutral
dataset/raw/kdef/AM33/AM33SAS.JPG;sad
dataset/raw/kdef/AM33/AM33SUS.JPG;surprise
dataset/raw/kdef/AM34/AM34AFS.JPG;fear
dataset/raw/kdef/AM34/AM34ANS.JPG;angry
dataset/raw/kdef/AM34/AM34DIS.JPG;disgust
dataset/raw/kdef/AM34/AM34HAS.JPG;happy
dataset/raw/kdef/AM34/AM34NES.JPG;neutral
dataset/raw/kdef/AM34/AM34SAS.JPG;sad
dataset/raw/kdef/AM34/AM34SUS.JPG;surprise
dataset/raw/kdef/AM35/AM35AFS.JPG;fear
dataset/raw/kdef/AM35/AM35ANS.JPG;angry
dataset/raw/kdef/AM35/AM35DIS.JPG;disgust
dataset/raw/kdef/AM35/AM35HAS.JPG;happy
dataset/raw/kdef/AM35/AM35NES.JPG;neutral
dataset/raw/kdef/AM35/AM35SAS.JPG;sad
dataset/raw/kdef/AM35/AM35SUS.JPG;surprise
dataset/raw/kdef/BF01/BF01AFS.JPG;fear
dataset/raw/kdef/BF01/BF01ANS.JPG;angry
dataset/raw/kdef/BF01/BF01DIS.JPG;disgust
dataset/raw/kdef/BF01/BF01HAS.JPG;happy
dataset/raw/kdef/BF01/BF01NES.JPG;neutral
dataset/raw/kdef/BF01/BF01SAS.JPG;sad
dataset/raw/kdef/BF01/BF01SUS.JPG;surprise
dataset/raw/kdef/BF02/BF02AFS.JPG;fear
dataset/raw/kdef/BF02/BF02ANS.JPG;angry
dataset/raw/kdef/BF02/BF02DIS.JPG;disgust
dataset/raw/kdef/BF02/BF02HAS.JPG;happy
dataset/raw/kdef/BF02/BF02NES.JPG;neutral
dataset/raw/kdef/BF02/BF02SAS.JPG;sad
dataset/raw/kdef/BF02/BF02SUS.JPG;surprise
dataset/raw/kdef/BF03/BF03AFS.JPG;fear
dataset/raw/kdef/BF03/BF03ANS.JPG;angry
dataset/raw/kdef/BF03/BF03DIS.JPG;disgust
dataset/raw/kdef/BF03/BF03HAS.JPG;happy
dataset/raw/kdef/BF03/BF03NES.JPG;neutral
dataset/raw/kdef/BF03/BF03SAS.JPG;sad
dataset/raw/kdef/BF03/BF03SUS.JPG;surprise
dataset/raw/kdef/BF04/BF04AFS.JPG;fear
dataset/raw/kdef/BF04/BF04ANS.JPG;angry
dataset/raw/kdef/BF04/BF04DIS.JPG;disgust
dataset/raw/kdef/BF04/BF04HAS.JPG;happy
dataset/raw/kdef/BF04/BF04NES.JPG;neutral
dataset/raw/kdef/BF04/BF04SAS.JPG;sad
dataset/raw/kdef/BF04/BF04SUS.JPG;surprise
dataset/raw/kdef/BF05/BF05AFS.JPG;fear
dataset/raw/kdef/BF05/BF05ANS.JPG;angry
dataset/raw/kdef/BF05/BF05DIS.JPG;disgust
dataset/raw/kdef/BF05/BF05HAS.JPG;happy
dataset/raw/kdef/BF05/BF05NES.JPG;neutral
dataset/raw/kdef/BF05/BF05SAS.JPG;sad
dataset/raw/kdef/BF05/BF05SUS.JPG;surprise
dataset/raw/kdef/BF06/BF06AFS.JPG;fear
dataset/raw/kdef/BF06/BF06ANS.JPG;angry
dataset/raw/kdef/BF06/BF06DIS.JPG;disgust
dataset/raw/kdef/BF06/BF06HAS.JPG;happy
dataset/raw/kdef/BF06/BF06NES.JPG;neutral
dataset/raw/kdef/BF06/BF06SAS.JPG;sad
dataset/raw/kdef/BF06/BF06SUS.JPG;surprise
dataset/raw/kdef/BF07/BF07AFS.JPG;fear
dataset/raw/kdef/BF07/BF07ANS.JPG;angry
dataset/raw/kdef/BF07/BF07DIS.JPG;disgust
dataset/raw/kdef/BF07/BF07HAS.JPG;happy
dataset/raw/kdef/BF07/BF07NES.JPG;neutral
dataset/raw/kdef/BF07/BF07SAS.JPG;sad
dataset/raw/kdef/BF07/BF07SUS.JPG;surprise
dataset/raw/kdef/BF08/BF08AFS.JPG;fear
dataset/raw/kdef/BF08/BF08ANS.JPG;angry
dataset/raw/kdef/BF08/BF08DIS.JPG;disgust
dataset/raw/kdef/BF08/BF08HAS.JPG;happy
dataset/raw/kdef/BF08/BF08NES.JPG;neutral
dataset/raw/kdef/BF08/BF08SAS.JPG;sad
dataset/raw/kdef/BF08/BF08SUS.JPG;surprise
dataset/raw/kdef/BF09/BF09AFS.JPG;fear
dataset/raw/kdef/BF09/BF09ANS.JPG;angry
dataset/raw/kdef/BF09/BF09DIS.JPG;disgust
dataset/raw/kdef/BF09/BF09HAS.JPG;happy
dataset/raw/kdef/BF09/BF09NES.JPG;neutral
dataset/raw/kdef/BF09/BF09SAS.JPG;sad
dataset/raw/kdef/BF09/BF09SUS.JPG;surprise
dataset/raw/kdef/BF10/BF10AFS.JPG;fear
dataset/raw/kdef/BF10/BF10ANS.JPG;angry
dataset/raw/kdef/BF10/BF10DIS.JPG;disgust
dataset/raw/kdef/BF10/BF10HAS.JPG;happy
dataset/raw/kdef/BF10/BF10NES.JPG;neutral
dataset/raw/kdef/BF10/BF10SAS.JPG;sad
dataset/raw/kdef/BF10/BF10SUS.JPG;surprise
dataset/raw/kdef/BF11/BF11AFS.JPG;fear
dataset/raw/kdef/BF11/BF11ANS.JPG;angry
dataset/raw/kdef/BF11/BF11DIS.JPG;disgust
dataset/raw/kdef/BF11/BF11HAS.JPG;happy
dataset/raw/kdef/BF11/BF11NES.JPG;neutral
dataset/raw/kdef/BF11/BF11SAS.JPG;sad
dataset/raw/kdef/BF11/BF11SUS.JPG;surprise
dataset/raw/kdef/BF12/BF12AFS.JPG;fear
dataset/raw/kdef/BF12/BF12ANS.JPG;angry
dataset/raw/kdef/BF12/BF12DIS.JPG;disgust
dataset/raw/kdef/BF12/BF12HAS.JPG;happy
dataset/raw/kdef/BF12/BF12NES.JPG;neutral
dataset/raw/kdef/BF12/BF12SAS.JPG;sad
dataset/raw/kdef/BF12/BF12SUS.JPG;surprise
dataset/raw/kdef/BF13/BF13AFS.JPG;fear
dataset/raw/kdef/BF13/BF13ANS.JPG;angry
dataset/raw/kdef/BF13/BF13DIS.JPG;disgust
dataset/raw/kdef/BF13/BF13HAS.JPG;happy
dataset/raw/kdef/BF13/BF13NES.JPG;neutral
dataset/raw/kdef/BF13/BF13SAS.JPG;sad
dataset/raw/kdef/BF13/BF13SUS.JPG;surprise
dataset/raw/kdef/BF14/BF14AFS.JPG;fear
dataset/raw/kdef/BF14/BF14ANS.JPG;angry
dataset/raw/kdef/BF14/BF14DIS.JPG;disgust
dataset/raw/kdef/BF14/BF14HAS.JPG;happy
dataset/raw/kdef/BF14/BF14NES.JPG;neutral
dataset/raw/kdef/BF14/BF14SAS.JPG;sad
dataset/raw/kdef/BF14/BF14SUS.JPG;surprise
dataset/raw/kdef/BF15/BF15AFS.JPG;fear
dataset/raw/kdef/BF15/BF15ANS.JPG;angry
dataset/raw/kdef/BF15/BF15DIS.JPG;disgust
dataset/raw/kdef/BF15/BF15HAS.JPG;happy
dataset/raw/kdef/BF15/BF15NES.JPG;neutral
dataset/raw/kdef/BF15/BF15SAS.JPG;sad
dataset/raw/kdef/BF15/BF15SUS.JPG;surprise
dataset/raw/kdef/BF16/BF16AFS.JPG;fear
dataset/raw/kdef/BF16/BF16ANS.JPG;angry
dataset/raw/kdef/BF16/BF16DIS.JPG;disgust
dataset/raw/kdef/BF16/BF16HAS.JPG;happy
dataset/raw/kdef/BF16/BF16NES.JPG;neutral
dataset/raw/kdef/BF16/BF16SAS.JPG;sad
dataset/raw/kdef/BF16/BF16SUS.JPG;surprise
dataset/raw/kdef/BF17/BF17AFS.JPG;fear
dataset/raw/kdef/BF17/BF17ANS.JPG;angry
dataset/raw/kdef/BF17/BF17DIS.JPG;disgust
dataset/raw/kdef/BF17/BF17HAS.JPG;happy
dataset/raw/kdef/BF17/BF17NES.JPG;neutral
dataset/raw/kdef/BF17/BF17SAS.JPG;sad
dataset/raw/kdef/BF17/BF17SUS.JPG;surprise
dataset/raw/kdef/BF18/BF18AFS.JPG;fear
dataset/raw/kdef/BF18/BF18ANS.JPG;angry
dataset/raw/kdef/BF18/BF18DIS.JPG;disgust
dataset/raw/kdef/BF18/BF18HAS.JPG;happy
dataset/raw/kdef/BF18/BF18NES.JPG;neutral
dataset/raw/kdef/BF18/BF18SAS.JPG;sad
dataset/raw/kdef/BF18/BF18SUS.JPG;surprise
dataset/raw/kdef/BF19/BF19AFS.JPG;fear
dataset/raw/kdef/BF19/BF19ANS.JPG;angry
dataset/raw/kdef/BF19/BF19DIS.JPG;disgust
dataset/raw/kdef/BF19/BF19HAS.JPG;happy
dataset/raw/kdef/BF19/BF19NES.JPG;neutral
dataset/raw/kdef/BF19/BF19SAS.JPG;sad
dataset/raw/kdef/BF19/BF19SUS.JPG;surprise
dataset/raw/kdef/BF20/BF20AFS.JPG;fear
dataset/raw/kdef/BF20/BF20ANS.JPG;angry
dataset/raw/kdef/BF20/BF20DIS.JPG;disgust
dataset/raw/kdef/BF20/BF20HAS.JPG;happy
dataset/raw/kdef/BF20/BF20NES.JPG;neutral
dataset/raw/kdef/BF20/BF20SAS.JPG;sad
dataset/raw/kdef/BF20/BF20SUS.JPG;surprise
dataset/raw/kdef/BF21/BF21AFS.JPG;fear
dataset/raw/kdef/BF21/BF21ANS.JPG;angry
dataset/raw/kdef/BF21/BF21DIS.JPG;disgust
dataset/raw/kdef/BF21/BF21HAS.JPG;happy
dataset/raw/kdef/BF21/BF21NES.JPG;neutral
dataset/raw/kdef/BF21/BF21SAS.JPG;sad
dataset/raw/kdef/BF21/BF21SUS.JPG;surprise
dataset/raw/kdef/BF22/BF22AFS.JPG;fear
dataset/raw/kdef/BF22/BF22ANS.JPG;angry
dataset/raw/kdef/BF22/BF22DIS.JPG;disgust
dataset/raw/kdef/BF22/BF22HAS.JPG;happy
dataset/raw/kdef/BF22/BF22NES.JPG;neutral
dataset/raw/kdef/BF22/BF22SAS.JPG;sad
dataset/raw/kdef/BF22/BF22SUS.JPG;surprise
dataset/raw/kdef/BF23/BF23AFS.JPG;fear
dataset/raw/kdef/BF23/BF23ANS.JPG;angry
dataset/raw/kdef/BF23/BF23DIS.JPG;disgust
dataset/raw/kdef/BF23/BF23HAS.JPG;happy
dataset/raw/kdef/BF23/BF23NES.JPG;neutral
dataset/raw/kdef/BF23/BF23SAS.JPG;sad
dataset/raw/kdef/BF23/BF23SUS.JPG;surprise
dataset/raw/kdef/BF24/BF24AFS.JPG;fear
dataset/raw/kdef/BF24/BF24ANS.JPG;angry
dataset/raw/kdef/BF24/BF24DIS.JPG;disgust
dataset/raw/kdef/BF24/BF24HAS.JPG;happy
dataset/raw/kdef/BF24/BF24NES.JPG;neutral
dataset/raw/kdef/BF24/BF24SAS.JPG;sad
dataset/raw/kdef/BF24/BF24SUS.JPG;surprise
dataset/raw/kdef/BF25/BF25AFS.JPG;fear
dataset/raw/kdef/BF25/BF25ANS.JPG;angry
dataset/raw/kdef/BF25/BF25DIS.JPG;disgust
dataset/raw/kdef/BF25/BF25HAS.JPG;happy
dataset/raw/kdef/BF25/BF25NES.JPG;neutral
dataset/raw/kdef/BF25/BF25SAS.JPG;sad
dataset/raw/kdef/BF25/BF25SUS.JPG;surprise
dataset/raw/kdef/BF26/BF26AFS.JPG;fear
dataset/raw/kdef/BF26/BF26ANS.JPG;angry
dataset/raw/kdef/BF26/BF26DIS.JPG;disgust
dataset/raw/kdef/BF26/BF26HAS.JPG;happy
dataset/raw/kdef/BF26/BF26NES.JPG;neutral
dataset/raw/kdef/BF26/BF26SAS.JPG;sad
dataset/raw/kdef/BF26/BF26SUS.JPG;surprise
dataset/raw/kdef/BF27/BF27AFS.JPG;fear
dataset/raw/kdef/BF27/BF27ANS.JPG;angry
dataset/raw/kdef/BF27/BF27DIS.JPG;disgust
dataset/raw/kdef/BF27/BF27HAS.JPG;happy
dataset/raw/kdef/BF27/BF27NES.JPG;neutral
dataset/raw/kdef/BF27/BF27SAS.JPG;sad
dataset/raw/kdef/BF27/BF27SUS.JPG;surprise
dataset/raw/kdef/BF28/BF28AFS.JPG;fear
dataset/raw/kdef/BF28/BF28ANS.JPG;angry
dataset/raw/kdef/BF28/BF28DIS.JPG;disgust
dataset/raw/kdef/BF28/BF28HAS.JPG;happy
dataset/raw/kdef/BF28/BF28NES.JPG;neutral
dataset/raw/kdef/BF28/BF28SAS.JPG;sad
dataset/raw/kdef/BF28/BF28SUS.JPG;surprise
dataset/raw/kdef/BF29/BF29AFS.JPG;fear
dataset/raw/kdef/BF29/BF29ANS.JPG;angry
dataset/raw/kdef/BF29/BF29DIS.JPG;disgust
dataset/raw/kdef/BF29/BF29HAS.JPG;happy
dataset/raw/kdef/BF29/BF29NES.JPG;neutral
dataset/raw/kdef/BF29/BF29SAS.JPG;sad
dataset/raw/kdef/BF29/BF29SUS.JPG;surprise
dataset/raw/kdef/BF30/BF30AFS.JPG;fear
dataset/raw/kdef/BF30/BF30ANS.JPG;angry
dataset/raw/kdef/BF30/BF30DIS.JPG;disgust
dataset/raw/kdef/BF30/BF30HAS.JPG;happy
dataset/raw/kdef/BF30/BF30NES.JPG;neutral
dataset/raw/kdef/BF30/BF30SAS.JPG;sad
dataset/raw/kdef/BF30/BF30SUS.JPG;surprise
dataset/raw/kdef/BF31/BF31AFS.JPG;fear
dataset/raw/kdef/BF31/BF31ANS.JPG;angry
dataset/raw/kdef/BF31/BF31DIS.JPG;disgust
dataset/raw/kdef/BF31/BF31HAS.JPG;happy
dataset/raw/kdef/BF31/BF31NES.JPG;neutral
dataset/raw/kdef/BF31/BF31SAS.JPG;sad
dataset/raw/kdef/BF31/BF31SUS.JPG;surprise
dataset/raw/kdef/BF32/BF32AFS.JPG;fear
dataset/raw/kdef/BF32/BF32ANS.JPG;angry
dataset/raw/kdef/BF32/BF32DIS.JPG;disgust
dataset/raw/kdef/BF32/BF32HAS.JPG;happy
dataset/raw/kdef/BF32/BF32NES.JPG;neutral
dataset/raw/kdef/BF32/BF32SAS.JPG;sad
dataset/raw/kdef/BF32/BF32SUS.JPG;surprise
dataset/raw/kdef/BF33/BF33AFS.JPG;fear
dataset/raw/kdef/BF33/BF33ANS.JPG;angry
dataset/raw/kdef/BF33/BF33DIS.JPG;disgust
dataset/raw/kdef/BF33/BF33HAS.JPG;happy
dataset/raw/kdef/BF33/BF33NES.JPG;neutral
dataset/raw/kdef/BF33/BF33SAS.JPG;sad
dataset/raw/kdef/BF33/BF33SUS.JPG;surprise
dataset/raw/kdef/BF34/BF34AFS.JPG;fear
dataset/raw/kdef/BF34/BF34ANS.JPG;angry
dataset/raw/kdef/BF34/BF34DIS.JPG;disgust
dataset/raw/kdef/BF34/BF34HAS.JPG;happy
dataset/raw/kdef/BF34/BF34NES.JPG;neutral
dataset/raw/kdef/BF34/BF34SAS.JPG;sad
dataset/raw/kdef/BF34/BF34SUS.JPG;surprise
dataset/raw/kdef/BF35/BF35AFS.JPG;fear
dataset/raw/kdef/BF35/BF35ANS.JPG;angry
dataset/raw/kdef/BF35/BF35DIS.JPG;disgust
dataset/raw/kdef/BF35/BF35HAS.JPG;happy
dataset/raw/kdef/BF35/BF35NES.JPG;neutral
dataset/raw/kdef/BF35/BF35SAS.JPG;sad
dataset/raw/kdef/BF35/BF35SUS.JPG;surprise
dataset/raw/kdef/BM01/BM01AFS.JPG;fear
dataset/raw/kdef/BM01/BM01ANS.JPG;angry
dataset/raw/kdef/BM01/BM01DIS.JPG;disgust
dataset/raw/kdef/BM01/BM01HAS.JPG;happy
dataset/raw/kdef/BM01/BM01NES.JPG;neutral
dataset/raw/kdef/BM01/BM01SAS.JPG;sad
dataset/raw/kdef/BM01/BM01SUS.JPG;surprise
dataset/raw/kdef/BM02/BM02AFS.JPG;fear
dataset/raw/kdef/BM02/BM02ANS.JPG;angry
dataset/raw/kdef/BM02/BM02DIS.JPG;disgust
dataset/raw/kdef/BM02/BM02HAS.JPG;happy
dataset/raw/kdef/BM02/BM02NES.JPG;neutral
dataset/raw/kdef/BM02/BM02SAS.JPG;sad
dataset/raw/kdef/BM02/BM02SUS.JPG;surprise
dataset/raw/kdef/BM03/BM03AFS.JPG;fear
dataset/raw/kdef/BM03/BM03ANS.JPG;angry
dataset/raw/kdef/BM03/BM03DIS.JPG;disgust
dataset/raw/kdef/BM03/BM03HAS.JPG;happy
dataset/raw/kdef/BM03/BM03NES.JPG;neutral
dataset/raw/kdef/BM03/BM03SAS.JPG;sad
dataset/raw/kdef/BM03/BM03SUS.JPG;surprise
dataset/raw/kdef/BM04/BM04AFS.JPG;fear
dataset/raw/kdef/BM04/BM04ANS.JPG;angry
dataset/raw/kdef/BM04/BM04DIS.JPG;disgust
dataset/raw/kdef/BM04/BM04HAS.JPG;happy
dataset/raw/kdef/BM04/BM04NES.JPG;neutral
dataset/raw/kdef/BM04/BM04SAS.JPG;sad
dataset/raw/kdef/BM04/BM04SUS.JPG;surprise
dataset/raw/kdef/BM05/BM05AFS.JPG;fear
dataset/raw/kdef/BM05/BM05ANS.JPG;angry
dataset/raw/kdef/BM05/BM05DIS.JPG;disgust
dataset/raw/kdef/BM05/BM05HAS.JPG;happy
dataset/raw/kdef/BM05/BM05NES.JPG;neutral
dataset/raw/kdef/BM05/BM05SAS.JPG;sad
dataset/raw/kdef/BM05/BM05SUS.JPG;surprise
dataset/raw/kdef/BM06/BM06AFS.JPG;fear
dataset/raw/kdef/BM06/BM06ANS.JPG;angry
dataset/raw/kdef/BM06/BM06DIS.JPG;disgust
dataset/raw/kdef/BM06/BM06HAS.JPG;happy
dataset/raw/kdef/BM06/BM06NES.JPG;neutral
dataset/raw/kdef/BM06/BM06SAS.JPG;sad
dataset/raw/kdef/BM06/BM06SUS.JPG;surprise
dataset/raw/kdef/BM07/BM07AFS.JPG;fear
dataset/raw/kdef/BM07/BM07ANS.JPG;angry
dataset/raw/kdef/BM07/BM07DIS.JPG;disgust
dataset/raw/kdef/BM07/BM07HAS.JPG;happy
dataset/raw/kdef/BM07/BM07NES.JPG;neutral
dataset/raw/kdef/BM07/BM07SAS.JPG;sad
dataset/raw/kdef/BM07/BM07SUS.JPG;surprise
dataset/raw/kdef/BM08/BM08AFS.JPG;fear
dataset/raw/kdef/BM08/BM08ANS.JPG;angry
dataset/raw/kdef/BM08/BM08DIS.JPG;disgust
dataset/raw/kdef/BM08/BM08HAS.JPG;happy
dataset/raw/kdef/BM08/BM08NES.JPG;neutral
dataset/raw/kdef/BM08/BM08SAS.JPG;sad
dataset/raw/kdef/BM08/BM08SUS.JPG;surprise
dataset/raw/kdef/BM09/BM09AFS.JPG;fear
dataset/raw/kdef/BM09/BM09ANS.JPG;angry
dataset/raw/kdef/BM09/BM09DIS.JPG;disgust
dataset/raw/kdef/BM09/BM09HAS.JPG;happy
dataset/raw/kdef/BM09/BM09NES.JPG;neutral
dataset/raw/kdef/BM09/BM09SAS.JPG;sad
dataset/raw/kdef/BM09/BM09SUS.JPG;surprise
dataset/raw/kdef/BM10/BM10AFS.JPG;fear
dataset/raw/kdef/BM10/BM10ANS.JPG;angry
dataset/raw/kdef/BM10/BM10DIS.JPG;disgust
dataset/raw/kdef/BM10/BM10HAS.JPG;happy
dataset/raw/kdef/BM10/BM10NES.JPG;neutral
dataset/raw/kdef/BM10/BM10SAS.JPG;sad
dataset/raw/kdef/BM10/BM10SUS.JPG;surprise
dataset/raw/kdef/BM11/BM11AFS.JPG;fear
dataset/raw/kdef/BM11/BM11ANS.JPG;angry
dataset/raw/kdef/BM11/BM11DIS.JPG;disgust
dataset/raw/kdef/BM11/BM11HAS.JPG;happy
dataset/raw/kdef/BM11/BM11NES.JPG;neutral
dataset/raw/kdef/BM11/BM11SAS.JPG;sad
dataset/raw/kdef/BM11/BM11SUS.JPG;surprise
dataset/raw/kdef/BM12/BM12AFS.JPG;fear
dataset/raw/kdef/BM12/BM12ANS.JPG;angry
dataset/raw/kdef/BM12/BM12DIS.JPG;disgust
dataset/raw/kdef/BM12/BM12HAS.JPG;happy
dataset/raw/kdef/BM12/BM12NES.JPG;neutral
dataset/raw/kdef/BM12/BM12SAS.JPG;sad
dataset/raw/kdef/BM12/BM12SUS.JPG;surprise
dataset/raw/kdef/BM13/BM13AFS.JPG;fear
dataset/raw/kdef/BM13/BM13ANS.JPG;angry
dataset/raw/kdef/BM13/BM13DIS.JPG;disgust
dataset/raw/kdef/BM13/BM13HAS.JPG;happy
dataset/raw/kdef/BM13/BM13NES.JPG;neutral
dataset/raw/kdef/BM13/BM13SAS.JPG;sad
dataset/raw/kdef/BM13/BM13SUS.JPG;surprise
dataset/raw/kdef/BM14/BM14AFS.JPG;fear
dataset/raw/kdef/BM14/BM14ANS.JPG;angry
dataset/raw/kdef/BM14/BM14DIS.JPG;disgust
dataset/raw/kdef/BM14/BM14HAS.JPG;happy
dataset/raw/kdef/BM14/BM14NES.JPG;neutral
dataset/raw/kdef/BM14/BM14SAS.JPG;sad
dataset/raw/kdef/BM14/BM14SUS.JPG;surprise
dataset/raw/kdef/BM15/BM15AFS.JPG;fear
dataset/raw/kdef/BM15/BM15ANS.JPG;angry
dataset/raw/kdef/BM15/BM15DIS.JPG;disgust
dataset/raw/kdef/BM15/BM15HAS.JPG;happy
dataset/raw/kdef/BM15/BM15NES.JPG;neutral
dataset/raw/kdef/BM15/BM15SAS.JPG;sad
dataset/raw/kdef/BM15/BM15SUS.JPG;surprise
dataset/raw/kdef/BM16/BM16AFS.JPG;fear
dataset/raw/kdef/BM16/BM16ANS.JPG;angry
dataset/raw/kdef/BM16/BM16DIS.JPG;disgust
dataset/raw/kdef/BM16/BM16HAS.JPG;happy
dataset/raw/kdef/BM16/BM16NES.JPG;neutral
dataset/raw/kdef/BM16/BM16SAS.JPG;sad
dataset/raw/kdef/BM16/BM16SUS.JPG;surprise
dataset/raw/kdef/BM17/BM17AFS.JPG;fear
dataset/raw/kdef/BM17/BM17ANS.JPG;angry
dataset/raw/kdef/BM17/BM17DIS.JPG;disgust
dataset/raw/kdef/BM17/BM17HAS.JPG;happy
dataset/raw/kdef/BM17/BM17NES.JPG;neutral
dataset/raw/kdef/BM17/BM17SAS.JPG;sad
dataset/raw/kdef/BM17/BM17SUS.JPG;surprise
dataset/raw/kdef/BM18/BM18AFS.JPG;fear
dataset/raw/kdef/BM18/BM18ANS.JPG;angry
dataset/raw/kdef/BM18/BM18DIS.JPG;disgust
dataset/raw/kdef/BM18/BM18HAS.JPG;happy
dataset/raw/kdef/BM18/BM18NES.JPG;neutral
dataset/raw/kdef/BM18/BM18SAS.JPG;sad
dataset/raw/kdef/BM18/BM18SUS.JPG;surprise
dataset/raw/kdef/BM19/BM19AFS.JPG;fear
dataset/raw/kdef/BM19/BM19ANS.JPG;angry
dataset/raw/kdef/BM19/BM19DIS.JPG;disgust
dataset/raw/kdef/BM19/BM19HAS.JPG;happy
dataset/raw/kdef/BM19/BM19NES.JPG;neutral
dataset/raw/kdef/BM19/BM19SAS.JPG;sad
dataset/raw/kdef/BM19/BM19SUS.JPG;surprise
dataset/raw/kdef/BM20/BM20AFS.JPG;fear
dataset/raw/kdef/BM20/BM20ANS.JPG;angry
dataset/raw/kdef/BM20/BM20DIS.JPG;disgust
dataset/raw/kdef/BM20/BM20HAS.JPG;happy
dataset/raw/kdef/BM20/BM20NES.JPG;neutral
dataset/raw/kdef/BM20/BM20SAS.JPG;sad
dataset/raw/kdef/BM20/BM20SUS.JPG;surprise
dataset/raw/kdef/BM21/BM21AFS.JPG;fear
dataset/raw/kdef/BM21/BM21ANS.JPG;angry
dataset/raw/kdef/BM21/BM21DIS.JPG;disgust
dataset/raw/kdef/BM21/BM21HAS.JPG;happy
dataset/raw/kdef/BM21/BM21NES.JPG;neutral
dataset/raw/kdef/BM21/BM21SAS.JPG;sad
dataset/raw/kdef/BM21/BM21SUS.JPG;surprise
dataset/raw/kdef/BM22/BM22AFS.JPG;fear
dataset/raw/kdef/BM22/BM22ANS.JPG;angry
dataset/raw/kdef/BM22/BM22DIS.JPG;disgust
dataset/raw/kdef/BM22/BM22HAS.JPG;happy
dataset/raw/kdef/BM22/BM22NES.JPG;neutral
dataset/raw/kdef/BM22/BM22SAS.JPG;sad
dataset/raw/kdef/BM22/BM22SUS.JPG;surprise
dataset/raw/kdef/BM23/BM23AFS.JPG;fear
dataset/raw/kdef/BM23/BM23ANS.JPG;angry
dataset/raw/kdef/BM23/BM23DIS.JPG;disgust
dataset/raw/kdef/BM23/BM23HAS.JPG;happy
dataset/raw/kdef/BM23/BM23NES.JPG;neutral
dataset/raw/kdef/BM23/BM23SAS.JPG;sad
dataset/raw/kdef/BM23/BM23SUS.JPG;surprise
dataset/raw/kdef/BM24/BM24AFS.JPG;fear
dataset/raw/kdef/BM24/BM24ANS.JPG;angry
dataset/raw/kdef/BM24/BM24DIS.JPG;disgust
dataset/raw/kdef/BM24/BM24HAS.JPG;happy
dataset/raw/kdef/BM24/BM24NES.JPG;neutral
dataset/raw/kdef/BM24/BM24SAS.JPG;sad
dataset/raw/kdef/BM24/BM24SUS.JPG;surprise
dataset/raw/kdef/BM25/BM25AFS.JPG;fear
dataset/raw/kdef/BM25/BM25ANS.JPG;angry
dataset/raw/kdef/BM25/BM25DIS.JPG;disgust
dataset/raw/kdef/BM25/BM25HAS.JPG;happy
dataset/raw/kdef/BM25/BM25NES.JPG;neutral
dataset/raw/kdef/BM25/BM25SAS.JPG;sad
dataset/raw/kdef/BM25/BM25SUS.JPG;surprise
dataset/raw/kdef/BM26/BM26AFS.JPG;fear
dataset/raw/kdef/BM26/BM26ANS.JPG;angry
dataset/raw/kdef/BM26/BM26DIS.JPG;disgust
dataset/raw/kdef/BM26/BM26HAS.JPG;happy
dataset/raw/kdef/BM26/BM26NES.JPG;neutral
dataset/raw/kdef/BM26/BM26SAS.JPG;sad
dataset/raw/kdef/BM26/BM26SUS.JPG;surprise
dataset/raw/kdef/BM27/BM27AFS.JPG;fear
dataset/raw/kdef/BM27/BM27ANS.JPG;angry
dataset/raw/kdef/BM27/BM27DIS.JPG;disgust
dataset/raw/kdef/BM27/BM27HAS.JPG;happy
dataset/raw/kdef/BM27/BM27NES.JPG;neutral
dataset/raw/kdef/BM27/BM27SAS.JPG;sad
dataset/raw/kdef/BM27/BM27SUS.JPG;surprise
dataset/raw/kdef/BM28/BM28AFS.JPG;fear
dataset/raw/kdef/BM28/BM28ANS.JPG;angry
dataset/raw/kdef/BM28/BM28DIS.JPG;disgust
dataset/raw/kdef/BM28/BM28HAS.JPG;happy
dataset/raw/kdef/BM28/BM28NES.JPG;neutral
dataset/raw/kdef/BM28/BM28SAS.JPG;sad
dataset/raw/kdef/BM28/BM28SUS.JPG;surprise
dataset/raw/kdef/BM29/BM29AFS.JPG;fear
dataset/raw/kdef/BM29/BM29ANS.JPG;angry
dataset/raw/kdef/BM29/BM29DIS.JPG;disgust
dataset/raw/kdef/BM29/BM29HAS.JPG;happy
dataset/raw/kdef/BM29/BM29NES.JPG;neutral
dataset/raw/kdef/BM29/BM29SAS.JPG;sad
dataset/raw/kdef/BM29/BM29SUS.JPG;surprise
dataset/raw/kdef/BM30/BM30AFS.JPG;fear
dataset/raw/kdef/BM30/BM30ANS.JPG;angry
dataset/raw/kdef/BM30/BM30DIS.JPG;disgust
dataset/raw/kdef/BM30/BM30HAS.JPG;happy
dataset/raw/kdef/BM30/BM30NES.JPG;neutral
dataset/raw/kdef/BM30/BM30SAS.JPG;sad
dataset/raw/kdef/BM30/BM30SUS.JPG;surprise
dataset/raw/kdef/BM31/BM31AFS.JPG;fear
dataset/raw/kdef/BM31/BM31ANS.JPG;angry
dataset/raw/kdef/BM31/BM31DIS.JPG;disgust
dataset/raw/kdef/BM31/BM31HAS.JPG;happy
dataset/raw/kdef/BM31/BM31NES.JPG;neutral
dataset/raw/kdef/BM31/BM31SAS.JPG;sad
dataset/raw/kdef/BM31/BM31SUS.JPG;surprise
dataset/raw/kdef/BM32/BM32AFS.JPG;fear
dataset/raw/kdef/BM32/BM32ANS.JPG;angry
dataset/raw/kdef/BM32/BM32DIS.JPG;disgust
dataset/raw/kdef/BM32/BM32HAS.JPG;happy
dataset/raw/kdef/BM32/BM32NES.JPG;neutral
dataset/raw/kdef/BM32/BM32SAS.JPG;sad
dataset/raw/kdef/BM32/BM32SUS.JPG;surprise
dataset/raw/kdef/BM33/BM33AFS.JPG;fear
dataset/raw/kdef/BM33/BM33ANS.JPG;angry
dataset/raw/kdef/BM33/BM33DIS.JPG;disgust
dataset/raw/kdef/BM33/BM33HAS.JPG;happy
dataset/raw/kdef/BM33/BM33NES.JPG;neutral
dataset/raw/kdef/BM33/BM33SAS.JPG;sad
dataset/raw/kdef/BM33/BM33SUS.JPG;surprise
dataset/raw/kdef/BM34/BM34AFS.JPG;fear
dataset/raw/kdef/BM34/BM34ANS.JPG;angry
dataset/raw/kdef/BM34/BM34DIS.JPG;disgust
dataset/raw/kdef/BM34/BM34HAS.JPG;happy
dataset/raw/kdef/BM34/BM34NES.JPG;neutral
dataset/raw/kdef/BM34/BM34SAS.JPG;sad
dataset/raw/kdef/BM34/BM34SUS.JPG;surprise
dataset/raw/kdef/BM35/BM35AFS.JPG;fear
dataset/raw/kdef/BM35/BM35ANS.JPG;angry
dataset/raw/kdef/BM35/BM35DIS.JPG;disgust
dataset/raw/kdef/BM35/BM35HAS.JPG;happy
dataset/raw/kdef/BM35/BM35NES.JPG;neutral
dataset/raw/kdef/BM35/BM35SAS.JPG;sad
dataset/raw/kdef/BM35/BM35SUS.JPG;surprise
